{
  "gated_long_only": {
    "cagr": 0.20241006721099786,
    "ann_vol": 0.24585369765398116,
    "sharpe": 0.8232947852420481,
    "max_dd": -0.2550090342973041,
    "final_nav": 2.6280936172856793,
    "avg_time_in_market": 0.9924357034795763,
    "avg_exposure": 0.9510644345489603,
    "vol_target": 0.2,
    "offset_cagr_min": 0.17768713125986535,
    "offset_cagr_max": 0.2390578870620419
  },
  "raw_long_only": {
    "cagr": 0.2302244201396788,
    "ann_vol": 0.26596924892895096,
    "sharpe": 0.8656054076431191,
    "max_dd": -0.2813642269576709,
    "final_nav": 2.962808912264956,
    "avg_time_in_market": 1.0
  },
  "spy_buy_hold": {
    "cagr": 0.13625130804926222,
    "ann_vol": 0.16993199000255355,
    "sharpe": 0.8017990494150913,
    "max_dd": -0.24496403026291766,
    "final_nav": 1.9534410372997288,
    "end_date": "2026-04-09"
  }
}