{
  "gated_long_only": {
    "cagr": 0.07217546998610724,
    "ann_vol": 0.15990833842512006,
    "sharpe": 0.4513552620015791,
    "max_dd": -0.22105361831428436,
    "final_nav": 1.4385831860862555,
    "avg_time_in_market": 0.7650890143291359,
    "offset_cagr_min": -0.013110949468605582,
    "offset_cagr_max": 0.1450223911087929
  },
  "raw_long_only": {
    "cagr": 0.14836263173665443,
    "ann_vol": 0.2379492971282628,
    "sharpe": 0.6235052321112001,
    "max_dd": -0.27555602844225047,
    "final_nav": 2.0582956254045617,
    "avg_time_in_market": 1.0
  },
  "spy_buy_hold": {
    "cagr": 0.12726717825628886,
    "ann_vol": 0.16991714270754396,
    "sharpe": 0.7489955176290666,
    "max_dd": -0.24496403026291766,
    "final_nav": 1.8684839858762097,
    "end_date": "2026-03-31"
  }
}