{
  "gated_long_only": {
    "cagr": 0.203751953839461,
    "ann_vol": 0.24823259929026303,
    "sharpe": 0.8208106204504187,
    "max_dd": -0.26745576296891055,
    "final_nav": 2.6318585614694077,
    "avg_time_in_market": 0.992401215805471,
    "avg_exposure": 0.9508434399518222,
    "vol_target": 0.2,
    "offset_cagr_min": 0.1730613209893097,
    "offset_cagr_max": 0.2566934785271544
  },
  "raw_long_only": {
    "cagr": 0.23264746616301557,
    "ann_vol": 0.2678744883723839,
    "sharpe": 0.8684942996124448,
    "max_dd": -0.2866192142473445,
    "final_nav": 2.9786562331919284,
    "avg_time_in_market": 1.0
  },
  "spy_buy_hold": {
    "cagr": 0.12726717825628886,
    "ann_vol": 0.16991714270754396,
    "sharpe": 0.7489955176290666,
    "max_dd": -0.24496403026291766,
    "final_nav": 1.8684839858762097,
    "end_date": "2026-03-31"
  }
}