{
  "gated_long_only": {
    "cagr": 0.11970012659058193,
    "ann_vol": 0.17733303147536716,
    "sharpe": 0.6750018628492749,
    "max_dd": -0.2450064560518612,
    "final_nav": 1.8039532703534211,
    "avg_time_in_market": 0.7650890143291359,
    "offset_cagr_min": 0.01890502309693365,
    "offset_cagr_max": 0.19757961096060184
  },
  "raw_long_only": {
    "cagr": 0.20973047914772147,
    "ann_vol": 0.2592301677730413,
    "sharpe": 0.8090512032200768,
    "max_dd": -0.31670184351088254,
    "final_nav": 2.70078637629318,
    "avg_time_in_market": 1.0
  },
  "spy_buy_hold": {
    "cagr": 0.12726717825628886,
    "ann_vol": 0.16991714270754396,
    "sharpe": 0.7489955176290666,
    "max_dd": -0.24496403026291766,
    "final_nav": 1.8684839858762097,
    "end_date": "2026-03-31"
  }
}