{
  "gated_long_only": {
    "cagr": 0.10145304711939795,
    "ann_vol": 0.17082834945897593,
    "sharpe": 0.593888821385362,
    "max_dd": -0.21054074548744003,
    "final_nav": 1.6557287395325817,
    "avg_time_in_market": 0.7650890143291359,
    "offset_cagr_min": 0.008361245710926335,
    "offset_cagr_max": 0.1700922313720734
  },
  "raw_long_only": {
    "cagr": 0.19012009334333246,
    "ann_vol": 0.24966605804287625,
    "sharpe": 0.7614975573118645,
    "max_dd": -0.2579396409087787,
    "final_nav": 2.480001409242117,
    "avg_time_in_market": 1.0
  },
  "spy_buy_hold": {
    "cagr": 0.12726717825628886,
    "ann_vol": 0.16991714270754396,
    "sharpe": 0.7489955176290666,
    "max_dd": -0.24496403026291766,
    "final_nav": 1.8684839858762097,
    "end_date": "2026-03-31"
  }
}