{
  "gated_long_only": {
    "cagr": 0.2155209826185831,
    "ann_vol": 0.23623731139871598,
    "sharpe": 0.9123071260103857,
    "max_dd": -0.25039852632834186,
    "final_nav": 2.7818275111250856,
    "avg_time_in_market": 0.9924357034795763,
    "avg_exposure": 0.9510644345489603,
    "vol_target": 0.2,
    "offset_cagr_min": 0.1787304341703011,
    "offset_cagr_max": 0.2516546954000112
  },
  "raw_long_only": {
    "cagr": 0.24292646280980623,
    "ann_vol": 0.2566314538589247,
    "sharpe": 0.9465966044183641,
    "max_dd": -0.2648093078916288,
    "final_nav": 3.1267198049394147,
    "avg_time_in_market": 1.0
  },
  "spy_buy_hold": {
    "cagr": 0.13625130804926222,
    "ann_vol": 0.16993199000255355,
    "sharpe": 0.8017990494150913,
    "max_dd": -0.24496403026291766,
    "final_nav": 1.9534410372997288,
    "end_date": "2026-04-09"
  }
}