{
  "gated_long_only": {
    "cagr": 0.12532534877749613,
    "ann_vol": 0.17185434124543836,
    "sharpe": 0.729253319231019,
    "max_dd": -0.21550901037773823,
    "final_nav": 1.8517491676345752,
    "avg_time_in_market": 0.7650890143291359,
    "offset_cagr_min": 0.03397412866243177,
    "offset_cagr_max": 0.1997934869700888
  },
  "raw_long_only": {
    "cagr": 0.2187006119707957,
    "ann_vol": 0.25286691429795677,
    "sharpe": 0.8648842517732375,
    "max_dd": -0.27844130611881845,
    "final_nav": 2.8069360194220243,
    "avg_time_in_market": 1.0
  },
  "spy_buy_hold": {
    "cagr": 0.12726717825628886,
    "ann_vol": 0.16991714270754396,
    "sharpe": 0.7489955176290666,
    "max_dd": -0.24496403026291766,
    "final_nav": 1.8684839858762097,
    "end_date": "2026-03-31"
  }
}