{
  "gated_long_only": {
    "cagr": 0.19412872582161134,
    "ann_vol": 0.2345339202716547,
    "sharpe": 0.8277213189322762,
    "max_dd": -0.2476481519268823,
    "final_nav": 2.523901765087609,
    "avg_time_in_market": 0.992401215805471,
    "avg_exposure": 0.9508434399518222,
    "vol_target": 0.2,
    "offset_cagr_min": 0.17394719572322748,
    "offset_cagr_max": 0.2381408645381058
  },
  "raw_long_only": {
    "cagr": 0.22302859538399078,
    "ann_vol": 0.255648923000868,
    "sharpe": 0.8724018578526674,
    "max_dd": -0.2662579126073683,
    "final_nav": 2.8593442410736047,
    "avg_time_in_market": 1.0
  },
  "spy_buy_hold": {
    "cagr": 0.12726717825628886,
    "ann_vol": 0.16991714270754396,
    "sharpe": 0.7489955176290666,
    "max_dd": -0.24496403026291766,
    "final_nav": 1.8684839858762097,
    "end_date": "2026-03-31"
  }
}