{
  "gated_long_only": {
    "cagr": 0.08983539021254483,
    "ann_vol": 0.14835082632882834,
    "sharpe": 0.6055604302022518,
    "max_dd": -0.19519782781332295,
    "final_nav": 1.5666020817674582,
    "avg_time_in_market": 0.7650890143291359,
    "offset_cagr_min": -0.0045280644112981605,
    "offset_cagr_max": 0.1525265867226151
  },
  "raw_long_only": {
    "cagr": 0.16218726933159,
    "ann_vol": 0.22531661726202376,
    "sharpe": 0.7198193870582578,
    "max_dd": -0.24748429753997922,
    "final_nav": 2.190924137787125,
    "avg_time_in_market": 1.0
  },
  "spy_buy_hold": {
    "cagr": 0.12726717825628886,
    "ann_vol": 0.16991714270754396,
    "sharpe": 0.7489955176290666,
    "max_dd": -0.24496403026291766,
    "final_nav": 1.8684839858762097,
    "end_date": "2026-03-31"
  }
}