{
  "gated_long_only": {
    "cagr": 0.10801600419628432,
    "ann_vol": 0.18615080843352383,
    "sharpe": 0.5802607310988812,
    "max_dd": -0.21770715785915526,
    "final_nav": 1.7078609773584903,
    "avg_time_in_market": 0.7650890143291359,
    "offset_cagr_min": 0.0018609851982012149,
    "offset_cagr_max": 0.18129008137145752
  },
  "raw_long_only": {
    "cagr": 0.2078293269353091,
    "ann_vol": 0.2672492834688793,
    "sharpe": 0.7776609322865049,
    "max_dd": -0.2660226285433938,
    "final_nav": 2.6787111968532153,
    "avg_time_in_market": 1.0
  },
  "spy_buy_hold": {
    "cagr": 0.12726717825628886,
    "ann_vol": 0.16991714270754396,
    "sharpe": 0.7489955176290666,
    "max_dd": -0.24496403026291766,
    "final_nav": 1.8684839858762097,
    "end_date": "2026-03-31"
  }
}