{
  "gated_long_only": {
    "cagr": 0.12275403379634642,
    "ann_vol": 0.1706871859455638,
    "sharpe": 0.7191754502033655,
    "max_dd": -0.2193813748472721,
    "final_nav": 1.8297760509655063,
    "avg_time_in_market": 0.7650890143291359,
    "offset_cagr_min": 0.03420224500113145,
    "offset_cagr_max": 0.20036274801784093
  },
  "raw_long_only": {
    "cagr": 0.21600298060044798,
    "ann_vol": 0.2518124369178098,
    "sharpe": 0.8577931385928733,
    "max_dd": -0.28004636491216406,
    "final_nav": 2.774664766409276,
    "avg_time_in_market": 1.0
  },
  "spy_buy_hold": {
    "cagr": 0.12726717825628886,
    "ann_vol": 0.16991714270754396,
    "sharpe": 0.7489955176290666,
    "max_dd": -0.24496403026291766,
    "final_nav": 1.8684839858762097,
    "end_date": "2026-03-31"
  }
}