{
  "gated_long_only": {
    "cagr": 0.07113563773974274,
    "ann_vol": 0.1512216566442751,
    "sharpe": 0.47040641742920475,
    "max_dd": -0.22031297070738434,
    "final_nav": 1.4313176231088074,
    "avg_time_in_market": 0.7650890143291359,
    "offset_cagr_min": -0.009051159356803562,
    "offset_cagr_max": 0.12704055755831156
  },
  "raw_long_only": {
    "cagr": 0.14679831097669416,
    "ann_vol": 0.22952909557726964,
    "sharpe": 0.6395629739554102,
    "max_dd": -0.2719237290276338,
    "final_nav": 2.0437064084237266,
    "avg_time_in_market": 1.0
  },
  "spy_buy_hold": {
    "cagr": 0.12726717825628886,
    "ann_vol": 0.16991714270754396,
    "sharpe": 0.7489955176290666,
    "max_dd": -0.24496403026291766,
    "final_nav": 1.8684839858762097,
    "end_date": "2026-03-31"
  }
}