{
  "gated_long_only": {
    "cagr": 0.13513445536144975,
    "ann_vol": 0.18488886560645115,
    "sharpe": 0.7308955837778401,
    "max_dd": -0.21751519251322646,
    "final_nav": 1.9375406564342048,
    "avg_time_in_market": 0.7650890143291359,
    "offset_cagr_min": 0.0262203663884657,
    "offset_cagr_max": 0.23018550366177415
  },
  "raw_long_only": {
    "cagr": 0.23264746616301557,
    "ann_vol": 0.2678744883723839,
    "sharpe": 0.8684942996124448,
    "max_dd": -0.2866192142473445,
    "final_nav": 2.9786562331919284,
    "avg_time_in_market": 1.0
  },
  "spy_buy_hold": {
    "cagr": 0.12726717825628886,
    "ann_vol": 0.16991714270754396,
    "sharpe": 0.7489955176290666,
    "max_dd": -0.24496403026291766,
    "final_nav": 1.8684839858762097,
    "end_date": "2026-03-31"
  }
}