{
  "gated_long_only": {
    "cagr": 0.1239679503835871,
    "ann_vol": 0.17746662975877323,
    "sharpe": 0.6985423149810993,
    "max_dd": -0.2300703265507469,
    "final_nav": 1.8401231295587412,
    "avg_time_in_market": 0.7650890143291359,
    "offset_cagr_min": 0.021296510085519804,
    "offset_cagr_max": 0.20121741472905774
  },
  "raw_long_only": {
    "cagr": 0.21789429085121648,
    "ann_vol": 0.25820568905513924,
    "sharpe": 0.8438787373297791,
    "max_dd": -0.2958687698372119,
    "final_nav": 2.7972585300405854,
    "avg_time_in_market": 1.0
  },
  "spy_buy_hold": {
    "cagr": 0.12726717825628886,
    "ann_vol": 0.16991714270754396,
    "sharpe": 0.7489955176290666,
    "max_dd": -0.24496403026291766,
    "final_nav": 1.8684839858762097,
    "end_date": "2026-03-31"
  }
}