{
  "params": {
    "max_depth": 5,
    "learning_rate": 0.0019884662813417562,
    "n_estimators": 274,
    "min_child_weight": 1,
    "subsample": 0.6748841148505009,
    "colsample_bytree": 0.6236790005526994,
    "reg_lambda": 0.3047565711822111
  },
  "best_iteration": 19,
  "train_rmse": 0.06879888629149632,
  "val_rmse": 0.07394139202831619,
  "train_ic": 0.06322278540761853,
  "val_ic": 0.035045626283309705,
  "val_top_n_mean_return": 0.014225291406834857,
  "val_top_n_sharpe": 0.37857358937121116,
  "val_decile_spread": 0.010646524912484814
}