{
  "params": {
    "max_depth": 3,
    "learning_rate": 0.04890457936833629,
    "n_estimators": 584,
    "min_child_weight": 7,
    "subsample": 0.6796836840277173,
    "colsample_bytree": 0.6069543731198735,
    "reg_lambda": 0.4835744670842329
  },
  "best_iteration": 3,
  "train_rmse": 0.06871111578722618,
  "val_rmse": 0.07387396958887228,
  "train_ic": 0.038128951886634795,
  "val_ic": 0.04259258558919972,
  "val_decile_spread": 0.018874012023490035
}