{
  "params": {
    "max_depth": 4,
    "learning_rate": 0.0054278085830524415,
    "n_estimators": 717,
    "min_child_weight": 5,
    "subsample": 0.9122178209065154,
    "colsample_bytree": 0.6264159684699684,
    "reg_lambda": 0.010035725425724723
  },
  "best_iteration": 29,
  "train_rmse": 0.06867776781473232,
  "val_rmse": 0.07389263160807562,
  "train_ic": 0.05451989681004219,
  "val_ic": 0.04138235685422306,
  "val_decile_spread": 0.016082578508327477
}