{
  "params": {
    "max_depth": 5,
    "learning_rate": 0.0019884662813417562,
    "n_estimators": 274,
    "min_child_weight": 1,
    "subsample": 0.6748841148505009,
    "colsample_bytree": 0.6236790005526994,
    "reg_lambda": 0.3047565711822111
  },
  "best_iteration": 120,
  "train_rmse": 0.06844484700750586,
  "val_rmse": 0.07388992809965218,
  "train_ic": 0.0795511480452256,
  "val_ic": 0.030086123258153172,
  "val_top_n_mean_return": 0.011655658013149316,
  "val_top_n_sharpe": 0.28119037686017584,
  "val_decile_spread": 0.009558456377206573
}