{
  "params": {
    "max_depth": 5,
    "learning_rate": 0.0015032457864721574,
    "n_estimators": 372,
    "min_child_weight": 9,
    "subsample": 0.6723478460829574,
    "colsample_bytree": 0.5786453944890463,
    "reg_lambda": 0.004741934136013863
  },
  "best_iteration": 41,
  "train_rmse": 0.06875394400602254,
  "val_rmse": 0.07393536378240081,
  "train_ic": 0.07336157102245842,
  "val_ic": 0.030572922880951595,
  "val_top_n_mean_return": 0.015116326391652817,
  "val_top_n_sharpe": 0.3625155818274434,
  "val_decile_spread": 0.01008009531899045
}