{
  "params": {
    "max_depth": 4,
    "learning_rate": 0.004181838614166214,
    "n_estimators": 521,
    "min_child_weight": 19,
    "subsample": 0.7127794886248959,
    "colsample_bytree": 0.5771847136491709,
    "reg_lambda": 0.0033498212063621602
  },
  "best_iteration": 9,
  "train_rmse": 0.06881301686727383,
  "val_rmse": 0.07394089476810095,
  "train_ic": 0.06100651665014666,
  "val_ic": 0.0508970971880541,
  "val_top_n_mean_return": 0.01597974713505881,
  "val_top_n_sharpe": 0.367859761300882,
  "val_decile_spread": 0.01996454414820972
}