{
  "params": {
    "max_depth": 3,
    "learning_rate": 0.0822,
    "n_estimators": 860,
    "min_child_weight": 11,
    "subsample": 0.9487,
    "colsample_bytree": 0.6285,
    "reg_lambda": 0.4457
  },
  "best_iteration": 2,
  "train_rmse": 0.0686850759019148,
  "val_rmse": 0.07384952878410053,
  "train_ic": 0.039032604144197146,
  "val_ic": 0.04287694054247681,
  "val_decile_spread": 0.016478552185655786
}