{
  "params": {
    "max_depth": 3,
    "learning_rate": 0.1876771653735032,
    "n_estimators": 250,
    "min_child_weight": 12,
    "subsample": 0.7209481381516003,
    "colsample_bytree": 0.6002513917160803,
    "reg_lambda": 2.9620582879833606
  },
  "best_iteration": 3,
  "train_rmse": 0.06847396634936502,
  "val_rmse": 0.0737582937366593,
  "train_ic": 0.04085380615708059,
  "val_ic": 0.05092963990635056,
  "val_decile_spread": 0.01916770644665121
}