{
  "params": {
    "max_depth": 4,
    "learning_rate": 0.0054278085830524415,
    "n_estimators": 717,
    "min_child_weight": 5,
    "subsample": 0.9122178209065154,
    "colsample_bytree": 0.6264159684699684,
    "reg_lambda": 0.010035725425724723
  },
  "best_iteration": 35,
  "train_rmse": 0.06863854600266432,
  "val_rmse": 0.07387211935069593,
  "train_ic": 0.05447133599916309,
  "val_ic": 0.04383585102363418,
  "val_decile_spread": 0.01836189827786547
}